row,name,count,clocks,budget,fetch_ws
142,"BRANCH Bcc.B not taken",14501747,91335593,90488524,16103107
65,"MOVE MOVE EA,An",7870933,60244038,57387405,9390586
118,"CONTROL RTS",3352161,41330651,40330700,7073790
64,"MOVE MOVE EA,Dn",4990869,33346048,32514731,3661116
72,"MOVE MOVE EA,(d16,An)",2436117,30860643,24010619,5014543
100,"SPECIAL_MOVE MOVEM RL,EA",814629,28233454,16661091,1556693
123,"CONTROL JSR",1313611,26234467,19252634,5468892
70,"MOVE MOVE Rn,-(An)",3182639,24975528,23498498,2322121
166,"EXCEPTION A-line trap",834398,23977992,23972649,1583589
52,"MOVE MOVE EA,Dn",2718019,21124367,18907912,1690915
101,"SPECIAL_MOVE MOVEM EA,RL",822457,20829812,19472092,1947081
124,"CONTROL JMP",1404750,16249943,13442217,4804990
175,"ARITH CMP EA,Dn",1595324,12392436,11987559,1127793
29,"IMMED CMPI #,Mem",1150706,12005594,11135676,3425147
71,"MOVE MOVE SOURCE,-(An)",935744,11749131,9888669,1657798
105,"SINGLE TST Mem",1338230,11707726,11018591,1480838
226,"- the coprocessors (F-line), unpaced",279601,11443371,4154270,414188
67,"MOVE MOVE SOURCE,(An)",828342,9055588,8078401,1227111
139,"CONTROL BSR",647027,8956652,7639418,1724984
109,"CONTROL LINK.W",1039302,8744888,7423828,2002126
110,"CONTROL UNLK",1009115,7684332,7383575,980114
28,"IMMED CMPI #,Dn",1403517,7075799,7048430,1422901
143,"IMMED MOVEQ #,Dn",1979348,6159970,5386341,2046250
137,"IMMED SUBQ #,Rn",2414643,5947182,5559726,1003728
184,"ARITH AND EA,Dn",605106,5622645,5337677,740793
125,"CONTROL LEA",816389,5098921,4669538,1531484
140,"BRANCH Bcc.W not taken",549052,4883662,4593374,1613801
97,"CONTROL PEA",441649,4709458,4012476,876085
40,"MOVE MOVE EA,Dn",737313,4680770,4459477,679786
69,"MOVE MOVE SOURCE,(An)+",360795,4552496,4077449,201974
170,"ARITH CMPA EA,An",427450,3826422,3818584,371026
87,"SINGLE CLR Mem",443271,3644027,3015485,653952
60,"MOVE MOVE EA,(d16,An)",388993,3393557,2995141,874709
22,"IMMED SUBI #,Dn",665442,3384439,3383792,721002
20,"IMMED ANDI #,Dn",574445,3148112,2839786,527250
104,"SINGLE TST Dn",834084,2510787,2443300,619471
128,"BRANCH DBcc expired",342621,2430323,2424004,186220
135,"IMMED ADDQ #,Rn",762719,2333769,2127852,839046
48,"MOVE MOVE EA,(d16,An)",255727,2009575,1839884,539550
7,"BIT BTST #,Mem",165207,1993174,1960900,350154
11,"BIT BCLR #,Mem",113039,1876101,1834321,312551
13,"BIT BSET #,Mem",108146,1803985,1703186,292037
74,"MOVE MOVE EA,(xxx).W",187427,1490568,1362838,400430
217,"SHIFT ASL #,Dy",182526,1410904,1410690,315424
146,"ARITH DIVS.W Dn,Dn",25060,1403574,1403574,163
98,"SINGLE EXT Dn",266197,1373557,1348003,301434
164,"ARITH SUB EA,Dn",171802,1335351,1334009,273335
55,"MOVE MOVE SOURCE,(An)",135192,1316467,1308403,234121
220,"SHIFT LSd #,Dy",284293,1282432,1221367,210511
6,"BIT BTST #,Dn",177832,1256095,1255969,288398
66,"MOVE MOVE Rn,(An)",177518,1097058,871238,118142
57,"MOVE MOVE SOURCE,(An)+",125498,1084652,1083209,44107
188,"ARITH ADDA.L Rn,An",437918,923078,920655,41406
59,"MOVE MOVE SOURCE,-(An)",93013,826589,782736,171426
186,"ARITH ADDA.W Rn,An",184048,804252,803645,60713
95,"SPECIAL_MOVE SWAP Dn",211437,789948,758030,35458
198,"BITFIELD BFEXTU Mem<5",36420,750763,739525,2177
177,"ARITH MULS.W EA,Dn",25624,719991,719991,1117
117,"CONTROL RTD",61603,692628,689643,85688
1,"CONTROL ORI to SR",52811,689726,689726,105318
83,"SPECIAL_MOVE MOVE EA,SR",55240,674407,672280,80864
192,"ARITH ADD Rn,Dn",257444,648620,630838,148706
129,"BRANCH DBcc true",107230,638527,598324,47673
193,"ARITH ADD EA,Dn",61688,542649,526131,88003
174,"ARITH CMP Rn,Dn",226509,540789,538950,87359
169,"ARITH CMPA Rn,An",125047,538057,537905,39765
86,"SINGLE CLR Dn",144663,491297,453768,165387
138,"IMMED SUBQ #,Mem",39174,478622,406707,35951
45,"MOVE MOVE SOURCE,(An)+",53758,476031,474286,2967
194,"ARITH ADD Dn,EA",45023,474224,437989,62252
136,"IMMED ADDQ #,Mem",45216,457158,437281,65270
187,"ARITH ADDA.W EA,An",52287,443015,442642,63003
68,"MOVE MOVE Rn,(An)+",67262,396539,389602,3592
163,"ARITH SUB Rn,Dn",141422,390637,389911,107314
224,"SHIFT ROd #,Dy",49953,389181,389181,89553
62,"MOVE MOVE EA,(xxx).W",56216,354641,346597,114719
171,"BCD CMPM (An)+,(An)+",25430,322658,321422,15909
134,"SINGLE Scc Mem",28299,307603,305980,58018
56,"MOVE MOVE Rn,(An)+",53338,306365,294020,59309
46,"MOVE MOVE Rn,-(An)",37445,301109,301054,76457
183,"ARITH AND Dn,Dn",146180,300799,299868,8273
78,"SPECIAL_MOVE MOVE SR,Mem",39777,293640,293509,5453
160,"ARITH SUBA.L EA,An",27537,275170,275061,54704
154,"ARITH OR Dn,Dn",88366,253423,253228,76486
43,"MOVE MOVE SOURCE,(An)",25969,243880,243213,49350
58,"MOVE MOVE Rn,-(An)",37179,243204,242720,55540
42,"MOVE MOVE Rn,(An)",54767,233779,232651,2474
24,"IMMED ADDI #,Dn",49098,231923,231882,30185
12,"BIT BSET #,Dn",21042,208656,208656,40420
81,"SPECIAL_MOVE MOVE Dn,CCR",30370,182278,182253,60742
3,"CONTROL ANDI to SR",13024,181924,181924,25636
156,"ARITH OR Dn,EA",12281,180435,167146,1576
33,"BIT BTST Dn,Mem",15101,175636,175332,26466
133,"SINGLE Scc Dn",36650,160146,159618,27273
116,"SAVE_RESTORE RTE four word",6031,152312,151862,23399
77,"SPECIAL_MOVE MOVE SR,Dn",24893,124150,124020,25563
32,"BIT BTST Dn,Dn",30312,121247,121244,8
88,"SINGLE NEG Dn",37830,119058,118006,42329
122,"SPECIAL_MOVE MOVEC Rn,Cr-A",14847,118877,118835,29735
155,"ARITH OR EA,Dn",5001,116501,116495,5238
90,"SINGLE NOT Dn",41417,110553,85435,27703
185,"ARITH AND Dn,EA",11833,105744,105162,797
47,"MOVE MOVE SOURCE,-(An)",8373,93682,79507,14326
189,"ARITH ADDA.L EA,An",10543,84155,83884,1160
172,"ARITH EOR Dn,Dn",40712,83703,83685,2271
21,"IMMED ANDI #,Mem",9379,83696,78922,19049
176,"ARITH MULU.W EA,Dn",2600,79320,79320,1825
121,"SPECIAL_MOVE MOVEC Cr,Rn",14847,77176,62703,29723
221,"SHIFT LSd Dx,Dy",11662,75455,75420,5834
181,"SPECIAL_MOVE EXG Ry,Rx",15230,75125,75111,14552
54,"MOVE MOVE Rn,(An)",13827,68526,68489,26781
53,"MOVE MOVE EA,An",9444,60800,54660,16163
216,"SHIFT ASR #,Dy",12500,53645,52997,4079
10,"BIT BCLR #,Dn",5875,51913,51892,4823
50,"MOVE MOVE EA,(xxx).W",3827,41320,29191,8628
18,"IMMED ORI #,Dn",8792,39163,39162,3970
37,"BIT BCLR Dn,Mem",2409,35098,35098,4892
159,"ARITH SUBA.L Rn,An",14354,33527,30538,4835
145,"ARITH DIVU.W EA,Dn",637,32338,32338,1287
61,"MOVE MOVE EA,(d8,An,Xn)",2423,26695,24065,5987
173,"ARITH EOR Dn,EA",923,23196,23020,562
157,"ARITH SUBA.W Rn,An",4727,22863,21947,3757
180,"SPECIAL_MOVE EXG Ry,Rx",4505,20788,20129,4489
106,"ARITH MULS.L EA,Dn",413,19889,19889,847
147,"ARITH DIVS.W EA,Dn",303,18182,18182,608
165,"ARITH SUB Dn,EA",1539,17801,16590,3074
25,"IMMED ADDI #,Mem",1229,17355,13226,2962
73,"MOVE MOVE EA,(d8,An,Xn)",1180,15188,12821,2364
44,"MOVE MOVE Rn,(An)+",4612,13889,13876,40
19,"IMMED ORI #,Mem",590,10336,8541,1476
27,"IMMED EORI #,Mem",275,8163,6146,564
182,"SPECIAL_MOVE EXG Ry,Rx",1847,7464,7422,16
161,"BCD SUBX Dn,Dn",2298,7037,7019,2412
49,"MOVE MOVE EA,(d8,An,Xn)",274,6845,5601,1082
144,"ARITH DIVU.W Dn,Dn",136,6149,6149,165
178,"BCD ABCD Dn,Dn",1440,5796,5796,36
114,"CONTROL NOP",1691,5569,5569,2187
190,"BCD ADDX Dn,Dn",2427,5209,5201,371
158,"ARITH SUBA.W EA,An",715,5109,5094,1041
222,"SHIFT ROXd Dn",397,4864,4864,100
2,"CONTROL ANDI to CCR",225,3152,3152,452
218,"SHIFT ASR Dx,Dy",400,2462,2462,62
91,"SINGLE NOT Mem",187,1851,1761,64
225,"SHIFT ROd Dx,Dy",223,1784,1784,0
39,"BIT BSET Dn,Mem",48,1683,1089,0
168,"ARITH CMPA EA,An",173,1391,1391,349
89,"SINGLE NEG Mem",120,1170,1095,234
99,"SINGLE EXT Dn",239,1148,1148,192
107,"ARITH DIVU.L EA,Dn",10,820,820,20
38,"BIT BSET Dn,Dn",84,642,642,138
23,"IMMED SUBI #,Mem",22,316,280,55
36,"BIT BCLR Dn,Dn",35,210,210,0
197,"BITFIELD BFEXTU Dn",15,180,180,30
82,"SPECIAL_MOVE MOVE EA,CCR",24,128,128,18
26,"IMMED EORI #,Dn",18,104,100,36
200,"BITFIELD BFCHG Mem<5",5,102,102,10
202,"BITFIELD BFEXTS Mem<5",2,32,32,4
