# UM Table 8-3 (MC68882 overall execution times), transcribed from the page images
# (plan 8.6.13; C:/temp/Mac/SE30/Docs/fpu/UM_section8_timing_tables.md; both editions agree).
# name,format,head,tail,total. "*" no tail; "-" no entry; L stands for the integer column (B, W, L);
# a name ending "(conflict)" is the table's ** row, a register conflict.
FABS,FPm,17,17,38
FABS,L,21,28,68
FABS,S,30,20,51
FABS,D,36,20,57
FABS,X,42,20,63
FABS,P,13,811,893
FACOS,FPm,17,607,628
FACOS,L,21,618,658
FACOS,S,30,610,641
FACOS,D,36,610,647
FACOS,X,42,610,653
FACOS,P,13,1401,1483
FADD,FPm,17,35,56
FADD,L,21,54,94
FADD,S,30,38,69
FADD,D,36,38,75
FADD,X,42,38,81
FADD,P,13,827,909
FASIN,FPm,17,563,584
FASIN,L,21,574,614
FASIN,S,30,566,597
FASIN,D,36,566,603
FASIN,X,42,566,609
FASIN,P,13,1357,1439
FATAN,FPm,17,385,406
FATAN,L,21,396,436
FATAN,S,30,388,419
FATAN,D,36,388,425
FATAN,X,42,388,431
FATAN,P,13,1179,1261
FATANH,FPm,17,675,696
FATANH,L,21,686,726
FATANH,S,30,678,709
FATANH,D,36,678,715
FATANH,X,42,678,721
FATANH,P,13,1469,1551
FCMP,FPm,17,17,38
FCMP,L,21,36,76
FCMP,S,30,20,51
FCMP,D,36,20,57
FCMP,X,42,20,63
FCMP,P,13,809,891
FCOS,FPm,17,373,394
FCOS,L,21,384,424
FCOS,S,30,376,407
FCOS,D,36,376,413
FCOS,X,42,376,419
FCOS,P,13,1167,1249
FCOSH,FPm,17,589,610
FCOSH,L,21,600,640
FCOSH,S,30,592,623
FCOSH,D,36,592,629
FCOSH,X,42,592,635
FCOSH,P,13,1383,1465
FDIV,FPm,17,87,108
FDIV,L,21,106,146
FDIV,S,30,90,121
FDIV,D,36,90,127
FDIV,X,42,90,133
FDIV,P,13,879,961
FETOX,FPm,17,479,500
FETOX,L,21,490,530
FETOX,S,30,482,513
FETOX,D,36,482,519
FETOX,X,42,482,525
FETOX,P,13,1273,1355
FETOXM1,FPm,17,527,548
FETOXM1,L,21,538,578
FETOXM1,S,30,530,561
FETOXM1,D,36,530,567
FETOXM1,X,42,530,573
FETOXM1,P,13,1321,1403
FGETEXP,FPm,17,27,48
FGETEXP,L,21,38,78
FGETEXP,S,30,30,61
FGETEXP,D,36,30,67
FGETEXP,X,42,30,73
FGETEXP,P,13,821,903
FGETMAN,FPm,17,13,34
FGETMAN,L,21,24,64
FGETMAN,S,30,16,47
FGETMAN,D,36,16,53
FGETMAN,X,42,16,59
FGETMAN,P,13,807,889
FINT,FPm,17,37,58
FINT,L,21,48,88
FINT,S,30,40,71
FINT,D,36,40,77
FINT,X,42,40,83
FINT,P,13,831,913
FINTRZ,FPm,17,37,58
FINTRZ,L,21,48,88
FINTRZ,S,30,40,71
FINTRZ,D,36,40,77
FINTRZ,X,42,40,83
FINTRZ,P,13,831,913
FLOGN,FPm,17,507,528
FLOGN,L,21,518,558
FLOGN,S,30,510,541
FLOGN,D,36,510,547
FLOGN,X,42,510,553
FLOGN,P,13,1301,1383
FLOGNP1,FPm,17,553,574
FLOGNP1,L,21,564,604
FLOGNP1,S,30,556,587
FLOGNP1,D,36,556,593
FLOGNP1,X,42,556,599
FLOGNP1,P,13,1347,1429
FLOG10,FPm,17,563,584
FLOG10,L,21,574,614
FLOG10,S,30,566,597
FLOG10,D,36,566,603
FLOG10,X,42,566,609
FLOG10,P,13,1357,1439
FLOG2,FPm,17,563,584
FLOG2,L,21,574,614
FLOG2,S,30,566,597
FLOG2,D,36,566,603
FLOG2,X,42,566,609
FLOG2,P,13,1357,1439
FMOD,FPm,17,54,75
FMOD,L,21,73,113
FMOD,S,30,57,88
FMOD,D,36,57,94
FMOD,X,42,57,100
FMOD,P,13,846,928
FMOVE to FPn,FPm,21,*,21
FMOVE to FPn,L,21,8,48
FMOVE to FPn,S,34,*,34
FMOVE to FPn,D,40,*,40
FMOVE to FPn,X,46,*,46
FMOVE to FPn,P,13,809,891
FMOVE to FPn (conflict),FPm,10,0,21
FMOVE to FPn (conflict),L,21,8,48
FMOVE to FPn (conflict),S,28,6,34
FMOVE to FPn (conflict),D,34,6,40
FMOVE to FPn (conflict),X,40,6,46
FMOVE to FPn (conflict),P,13,809,891
FMOVE to memory,FPm,-,-,-
FMOVE to memory,L,0,0,110
FMOVE to memory,S,38,*,38
FMOVE to memory,D,44,*,44
FMOVE to memory,X,50,*,50
FMOVE to memory,P,0,0,2006
FMOVE to memory (conflict),FPm,-,-,-
FMOVE to memory (conflict),L,0,0,110
FMOVE to memory (conflict),S,0,0,38
FMOVE to memory (conflict),D,0,0,44
FMOVE to memory (conflict),X,0,0,50
FMOVE to memory (conflict),P,0,0,2006
FMOVECR,FPm,10,0,32
FMOVECR,L,-,-,-
FMOVECR,S,-,-,-
FMOVECR,D,-,-,-
FMOVECR,X,-,-,-
FMOVECR,P,-,-,-
FMUL,FPm,17,55,76
FMUL,L,21,74,114
FMUL,S,30,58,89
FMUL,D,36,58,95
FMUL,X,42,58,101
FMUL,P,13,847,929
FNEG,FPm,17,17,38
FNEG,L,21,28,68
FNEG,S,30,20,51
FNEG,D,36,20,57
FNEG,X,42,20,63
FNEG,P,13,811,893
FREM,FPm,17,84,105
FREM,L,21,103,143
FREM,S,30,87,118
FREM,D,36,87,124
FREM,X,42,87,130
FREM,P,13,876,958
FSCALE,FPm,17,25,46
FSCALE,L,21,44,84
FSCALE,S,30,28,59
FSCALE,D,36,28,65
FSCALE,X,42,28,71
FSCALE,P,13,817,899
FSGLDIV,FPm,17,53,74
FSGLDIV,L,21,72,112
FSGLDIV,S,30,56,87
FSGLDIV,D,36,56,93
FSGLDIV,X,42,56,99
FSGLDIV,P,13,845,927
FSGLMUL,FPm,17,43,64
FSGLMUL,L,21,62,102
FSGLMUL,S,30,46,77
FSGLMUL,D,36,46,83
FSGLMUL,X,42,46,89
FSGLMUL,P,13,835,917
FSIN,FPm,17,373,394
FSIN,L,21,384,424
FSIN,S,30,376,407
FSIN,D,36,376,413
FSIN,X,42,376,419
FSIN,P,13,1167,1249
FSINCOS,FPm,17,433,454
FSINCOS,L,21,444,484
FSINCOS,S,30,436,467
FSINCOS,D,36,436,473
FSINCOS,X,42,436,479
FSINCOS,P,13,1227,1309
FSINH,FPm,17,669,690
FSINH,L,21,680,720
FSINH,S,30,672,703
FSINH,D,36,672,709
FSINH,X,42,672,715
FSINH,P,13,1463,1545
FSQRT,FPm,17,89,110
FSQRT,L,21,100,140
FSQRT,S,30,92,123
FSQRT,D,36,92,129
FSQRT,X,42,92,135
FSQRT,P,13,883,965
FSUB,FPm,17,35,56
FSUB,L,21,54,94
FSUB,S,30,38,69
FSUB,D,36,38,75
FSUB,X,42,38,81
FSUB,P,13,827,909
FTAN,FPm,17,455,476
FTAN,L,21,466,506
FTAN,S,30,458,489
FTAN,D,36,458,495
FTAN,X,42,458,501
FTAN,P,13,1249,1331
FTANH,FPm,17,643,664
FTANH,L,21,654,694
FTANH,S,30,646,677
FTANH,D,36,646,683
FTANH,X,42,646,689
FTANH,P,13,1437,1519
FTENTOX,FPm,17,549,570
FTENTOX,L,21,560,600
FTENTOX,S,30,552,583
FTENTOX,D,36,552,589
FTENTOX,X,42,552,595
FTENTOX,P,13,1343,1425
FTST,FPm,17,15,36
FTST,L,21,26,66
FTST,S,30,18,49
FTST,D,36,18,55
FTST,X,42,18,61
FTST,P,13,809,891
FTWOTOX,FPm,17,549,570
FTWOTOX,L,21,560,600
FTWOTOX,S,30,552,583
FTWOTOX,D,36,552,589
FTWOTOX,X,42,552,595
FTWOTOX,P,13,1343,1425
